111

especially the @entity91 name @entity76 during @entity64   people   @entity2 ( disambiguation ) , several people @entity2 ( disambiguation ) , several people @entity2 ( 1891–1984 ) , @entity105 silent film actress @entity2 ( disambiguation ) , several people @entity2 , @entity105 singer @entity16 ( 1863–1935 ) , @entity105 chemical engineer , founder of consulting company @entity27 ( born @entity102 ) , @entity105 author @entity2 ( born @entity72 ) , @entity33 senator @entity2 ( 1938–1961 ) , @entity105 jazz trumpeter @entity2 ( disambiguation ) , several people @entity2 ( disambiguation ) , several people @entity2 ( 1938–2005 ) , @entity58 rock and roll drummer @entity2 ( born @entity36 ) , @entity31 driver @entity2 ( 1939–1992 ) , @entity105 film and theatre actor @entity2 ( disambiguation ) , several people @entity2 , @entity14 judge @entity16 ( 1884–1974 ) , @entity25 pathologist @entity2 ( born @entity7 ) , @entity25 gymnast @entity16 , ( @entity5 ) , @entity105 botanist @entity2 ( born @entity49 ) , @entity105 professional footballer @entity2 ( 1863–1941 ) , pseudonym of @entity105 author @entity79 @entity2 ( disambiguation ) , several people @entity2 ( disambiguation ) , several people @entity16 , @entity56 politician @entity2 ( born @entity23 ) , former @entity98 manager @entity2 ( disambiguation ) , several people @entity2 , record producer @entity2 ( footballer ) ( born @entity20 ) ,   @entity66 football player and manager @entity2 ( disambiguation ) , several people @entity2 ( disambiguation ) , several people @entity2 ( disambiguation ) , several people @entity2 ( born @entity11 ) , @entity14 author @entity2 ( born @entity42 ) , @entity51 - america acquitted of murder @entity2 ( disambiguation ) , several people @entity16 ( 1841–1913 ) , @entity93 representative from @entity33 , printer and publisher @entity2 ( born @entity87 ) , modernist @entity105 sculptor @entity2 ( 1910–1968 ) , @entity105 professional golfer @entity16 ( 1817–1862 ) , @entity12 brigadier general during the @entity105 @entity37 little ( 1925–1965 ) , better known as @entity65 ( disambiguation ) , several people @entity2 ( born @entity3 ) , @entity14 former ice hockey player @entity2 ( born @entity55 ) , @entity29 rugby union player @entity2 ( born @entity103 ) , @entity22 actor and comedian @entity2 ( born @entity35 ) , @entity78 impressionist and voice actor @entity2 ( disambiguation ) , several people @entity2 ( born @entity80 ) , @entity66 footballer @entity2 ( disambiguation ) , several people @entity16 ( 1809–1891 ) , @entity33 politician @entity2 ( born @entity63 ) , @entity81 lpga golfer and multiple winner @entity2 ( born @entity1 ) , @entity105 @entity32 art scholar , museum administrator and artist @entity2 ( disambiguation ) , several people @entity2 ( born @entity49 ) , @entity22 comedian @entity2 ( born @entity13 ) , @entity105 politician @entity2 ( born @entity101 ) , @entity22 violinist @entity2 ( disambiguation ) , several people @entity2 ( born @entity60 ) , @entity105 tv fitness personality @entity2 ( disambiguation ) , several people @entity2 ( disambiguation ) , several people @entity2 ( born @entity104 ) , @entity105 actress   fictional characters @entity2 , in p. g. wodehouse stories @entity2 , fictional mouse in many of e. b. white 's short stories , and in some films    see also    clan little , a @entity15 clan   @entity2 ( @entity61 film ) @entity86 people known as the little   lyttle , a surname   references   category:english - language surnames

recent movies : the tagline to this @entity88 sequel was " @entity44 a @entity47 goes a long way "

@entity2

@entity0:
@entity1:1954
@entity2:Tasmin Little
@entity3:1971
@entity4:Robert Little
@entity5:1907 - 2004
@entity6:Ian Little
@entity7:1994
@entity8:Annie Little
@entity9:Jean Little
@entity10:Chicken Little
@entity11:1932
@entity12:Confederate
@entity13:1921
@entity14:Canadian
@entity15:Scottish Border
@entity16:Arthur Dehon Little
@entity17:Joan Little
@entity18:Angela Little
@entity19:David Little
@entity20:1973
@entity21:Frances Little
@entity22:English
@entity23:1950
@entity24:Jack Little
@entity25:Australian
@entity26:Neil Little
@entity27:Arthur D. Little Bentley Little
@entity28:Rich Little
@entity29:Fijian
@entity30:Stuart Little
@entity31:NASCAR
@entity32:Asian
@entity33:New York
@entity34:Anna Little
@entity35:1938
@entity36:1963
@entity37:Civil War Malcolm
@entity38:Booker Little
@entity39:Grady Little
@entity40:Elbert Luther Little
@entity41:Betty Little
@entity42:1953
@entity43:Floyd Little
@entity44:This summer
@entity45:Chad Little
@entity46:Sally Little
@entity47:Little
@entity48:Ann Little
@entity49:1942
@entity50:Steve Little
@entity51:African
@entity52:Emily Little
@entity53:Syd Little
@entity54:Andrew Little
@entity55:1976
@entity56:New Jersey
@entity57:Henry Little
@entity58:British
@entity59:James Little
@entity60:1956
@entity61:2005
@entity62:Gerry P. Little
@entity63:1951
@entity64:World War II.
@entity65:Malcolm X Mark Little
@entity66:Scottish
@entity67:Walter Little
@entity68:Stephen Little
@entity69:Jason Little
@entity70:Thomas Little
@entity71:William Little
@entity72:1940
@entity73:Donald Little
@entity74:Zarah Little
@entity75:Ricky Little
@entity76:Klein
@entity77:Frank Little
@entity78:Canadian-American
@entity79:Fannie Caldwell
@entity80:1989
@entity81:South African
@entity82:George Little
@entity83:Tandy Little
@entity84:Russell M. Little
@entity85:Brian Little
@entity86: List of
@entity87:1947
@entity88:2002
@entity89:Elaine Marjory Little
@entity90:Lewis Henry Little
@entity91:German
@entity92:Bryan Little
@entity93:US
@entity94:Bingo Little
@entity95:Lawson Little
@entity96:Cleavon Little
@entity97:Ralf Little
@entity98:Major League Baseball
@entity99:John Little
@entity100:Tony Little
@entity101:1965
@entity102:1960
@entity103:1980
@entity104:1981
@entity105:American
@entity106:Carlo Little
@entity107:Joseph James Little
@entity108:Ken Little
@entity109:Nicky Little
@entity110:Richard Little
