8

ernst   @entity1 @entity4 ( disambiguation ) , shortened version of @entity1 @entity7 ( disambiguation )   category:masculine given names category:english masculine given names category:french masculine given names category:slovene masculine given names category:polish masculine given names

biography : the episode seen here covered this " @entity2 " young man of @entity6 birth

@entity0

@entity0:
@entity1:Ernest  
@entity2:Ernest
@entity3:Ernest Shackleton
@entity4:Ernie
@entity5:Ernesto  
@entity6:Irish
@entity7:Earnest
