38

botany   palm ( plant ) , a plant in the family @entity13 or @entity32 palm or @entity8 madagascariensis , a species of banana - like plant from @entity36   technology   palm ( @entity4 ) , a personal digital assistant   palm os , the initial operating system of such pdas ( succeeded by @entity19 )   palm , the acronym for @entity23 , the acronym for @entity15 @entity34 , an aerosol mass spectrometry instrument   business   palm , inc. , a mobile os developer and hardware manufacturer of personal digital assistants and smartphones   palm breweries , a @entity16 company   @entity5 , an arthouse film distribution company @entity14 , a @entity3 company   @entity33 , a resort and residential tower in @entity29 , @entity30   the palm ( restaurant ) , a restaurant chain originating in @entity6   places   palm grove , new south wales , @entity35   @entity26 , @entity28 artificial islands off the coast of @entity9 palm jumeirah palm jebel ali palm deira   palms , @entity25 , @entity21 palms station , a train station in @entity10 , @entity25 , @entity21 palmgrove national park , @entity17 , @entity35   @entity2 , @entity22 , usa   twentynine palms , @entity22 , usa   other uses   palm ( name ) , a name ( including a list of people with the name )   palm ( unit )   palm branch ( symbol )   palm springs ( disambiguation )   palm @entity11   palm or palme attachments to certain military decorations ( e.g. croix de guerre ) indicate additional awards   palms ( band ) , an @entity37 rock band featuring members of @entity31 isis   palms ( album ) , a @entity27 full - length studio record from palms   see also   @entity20 ( disambiguation )   palming , a sleight - of-hand technique   palmistry   sago   the palms ( disambiguation )   category:germanic - language surnames category:jewish surnames   bg:палма ( пояснение )

computer history : this 3-letter abbrev . used for devices from @entity12 was @entity7 used in ' 92 by @entity1 ceo @entity24 for the @entity18 launch

@entity4

@entity0:
@entity1:Apple
@entity2:Thousand Palms
@entity3:Hawaiian
@entity4:PDA
@entity5:Palm Pictures
@entity6:New York City
@entity7:1st
@entity8:Ravenala
@entity9:Dubai
@entity10:Palms
@entity11:Sunday
@entity12:Palm
@entity13:Arecaceae
@entity14: Palm Records
@entity15:Particle Analysis by
@entity16:Belgian
@entity17:Queensland
@entity18:Newton
@entity19:WebOS
@entity20:Palmer
@entity21:USA  
@entity22:California
@entity23:Photoactivated Localization Microscopy PALMS
@entity24:John Sculley
@entity25:Los Angeles
@entity26:Palm Islands
@entity27:first
@entity28:three
@entity29:Las Vegas
@entity30:Nevada
@entity31:Deftones and
@entity32:Palmae  Traveller's
@entity33:Palms Casino Resort
@entity34:Laser Mass Spectrometry
@entity35:Australia
@entity36:Madagascar
@entity37:American
