108

the hague , @ent61 ( @ent26 ) university college twente , @ent12 ( @ent86 ) @ent3 , @ent40 ( @ent40 )   @ent6 , @ent102 , @ent58   @ent99 , which was previously referred to as " university college , ibadan "   @ent9   @ent3 ( høgskolen i bergen )   @ent3 ( høgskolen i @ent55 )   buskerud and @ent3 ( høgskolen i buskerud og vestfold )   @ent3 ( høgskolen i finnmark )   @ent3 ( høgskolen i gjøvik )   @ent3 ( høgskolen i harstad )   @ent6 ( haraldsplass diakonale høgskole )   @ent3 ( høgskolen i lillehammer )   @ent3 ( høgskolen i @ent24 )   @ent3 ( høgskolen i narvik )   @ent3 ( høgskolen i nesna )   nord - trøndelag university college ( høgskolen i nord - trøndelag )   @ent87 and @ent3 ( høgskolen i oslo og akershus )   sogn og @ent3 ( høgskolen i sogn og fjordane )   @ent3 ( høgskolen i stavanger )   @ent3 ( høgskolen i stord - haugesund )   sør - trøndelag university college ( høgskolen i sør - trøndelag )   @ent3 ( høgskolen i telemark )   @ent3 ( høgskolen i tromsø )   @ent3 ( høgskolen i volda )   @ent3 ( høgskolen i østfold )   @ent3 ( høgskolen i ålesund )   @ent92   @ent22   @ent7   @ent7 , lahore   @ent53 colleges of universities : @ent22 , @ent106 , the oldest college of @ent84 , established in @ent16 @ent22 , @ent68 , a college of @ent21 , formerly called @ent22 , @ent3 , @ent67 , the founding college of @ent72 , a founding college of @ent19 , a private school in @ent8 , founded as part of @ent57 , a hospital in @ent28 , founded as part of @ent90 former university colleges : @ent94 , formerly @ent6 at @ent3 , @ent65 , predecessor institute of @ent48 @ent75 , formerly @ent22 for @ent70 at canterbury , @ent1 , @ent52 , @ent42 and @ent36 new university , formerly @ent6 in high wycombe falmouth university , formerly @ent47 , formerly @ent47 , formerly @ent10 of the arts , formerly @ent3 of @ent10 , formerly @ent76 of st mark & st john ( commonly known as marjon ) , formerly @ent22 plymouth st mark & st @ent62 university , @ent32 , formerly @ent17 @ent22 , @ent71 has held full university ( as opposed to university college ) status since @ent5 , but has not changed its name ; known as @ent56 , tourism and creative studies until @ent104   university colleges :   ifs @ent22   @ent37   @ent17 @ent22 , @ent63   @ent3   @ent79   @ent29 , an undergraduate college of @ent7   university college , an undergraduate college of @ent7   university college , a college of @ent7   @ent96 , online and evening programs for working adults at @ent4 ( @ent26 ) , a constituent college of @ent26   university college , an undergraduate college of @ent85 , an undergraduate college of @ent4 , an undergraduate college of @ent13   university college , an undergraduate college of @ent7   university college , an undergraduate college of @ent4 , an undergraduate college of @ent7   university college , the adult evening and professional studies division of @ent64 at @ent26 in @ent2   @ent29 , the component of @ent33 that focuses on " non - traditional " students , originally founded as an adult evening education program @ent31 also @ent26 college , an institution that provides tertiary education but does not have full or independent university status @ent26 ( disambiguation )   college ( disambiguation )

remains to be seen : the philosopher @ent93 , who died in @ent35 , is kept in a glass case at @ent22 in this @ent77 city

@ent28

@ent0:
@ent1:Epsom
@ent2:St. Louis
@ent3:Molde University College
@ent4:the University of Oklahoma  University College
@ent5:2012
@ent6:New Zealand University College
@ent7:Texas Tech University
@ent8:Hampstead
@ent9:Norway
@ent10:Newman University College Norwich University
@ent11:Finnmark University College
@ent12:Universiteit Twente
@ent13:the University of Northern Colorado
@ent14:The Arts University College
@ent15:Stavanger University College
@ent16:1249
@ent17:St Mary's
@ent18:Gjøvik University College
@ent19:the University of London University College School
@ent20:Fjordane University College
@ent21:the University of Cambridge
@ent22:Wolfson College
@ent23:Namal College
@ent24:Molde
@ent25:Arizona State University
@ent26:Rutgers University
@ent27:Bodø University College
@ent28:London
@ent29:University of Maryland University College
@ent30:Leiden University
@ent31:  See
@ent32:Twickenham
@ent33:the University System of Maryland
@ent34:Buckinghamshire Chilterns University College
@ent35:1832
@ent36:Rochester Buckinghamshire
@ent37:University College of Estate Management
@ent38:Volda University College
@ent39:Ålesund University College
@ent40:Erasmus University Rotterdam
@ent41:Telemark University College
@ent42:Maidstone
@ent43:Vestfold University College
@ent44:Akershus University College
@ent45:  University
@ent46:Bournemouth University College
@ent47:University College Falmouth Harper Adams University
@ent48:the University of Bristol
@ent49:Kennesaw State University University College
@ent50:the University of Toledo  University College
@ent51:Tromsø University College
@ent52:Farnham
@ent53:United Kingdom
@ent54:Washington State University
@ent55:Bodø
@ent56:Birmingham College of Food
@ent57:University College London University College Hospital
@ent58:Dunedin
@ent59:Lillehammer University College
@ent60:Norwich University College
@ent61:Universiteit Leiden
@ent62:John St Mary's
@ent63:Belfast
@ent64:Arts & Sciences
@ent65:Bristol
@ent66:Sacred Heart University
@ent67:Durham
@ent68:Cambridge
@ent69:Islamia College University
@ent70:the Creative Arts
@ent71:Twickenham University College Birmingham
@ent72:the University of Durham  University College London
@ent73:the University of Denver  University College
@ent74:Harstad University College
@ent75:The University for the Creative Arts
@ent76:Royal Agricultural College University
@ent77:British
@ent78:Nesna University College
@ent79:United States
@ent80:Bergen University College
@ent81:Narvik University College
@ent82:University College
@ent83:Kennesaw State University
@ent84:the University of Oxford
@ent85:the University of Rhode Island  University College
@ent86:University of Twente
@ent87:Oslo
@ent88:the Arts Royal Agricultural University
@ent89:Haraldsplass Deaconess University College
@ent90:University College London  
@ent91:Washington University
@ent92:Pakistan
@ent93:Jeremy Bentham
@ent94:The Arts University Bournemouth
@ent95:Stord/Haugesund University College
@ent96:University College University of Denver
@ent97:Erasmus Universiteit Rotterdam
@ent98:Harper Adams University College Newman University
@ent99:Nigeria University of Ibadan
@ent100:Stranmillis University College
@ent101:Cambridge University College
@ent102:Otago
@ent103:Erasmus University College
@ent104:January 2008
@ent105:Government College University
@ent106:Oxford
@ent107:Østfold University College
